month,year,pct_diff_target
Apr,2023,-3.7037037037037033
Jul,2023,-1.4084507042253522
Aug,2023,-2.027027027027027
Oct,2023,-1.4285714285714286
Nov,2023,-0.7352941176470588
Mar,2024,-1.3157894736842104
Apr,2024,-3.4482758620689653
